{"cameraMode":{"drawMode":0,"name":"Shaded","section":"Shading Mode"},"sceneLighting":false,"audioPlay":false,"sceneViewState":{"m_AlwaysRefresh":false,"showFog":true,"showSkybox":false,"showFlares":true,"showImageEffects":true,"showParticleSystems":true,"showVisualEffectGraphs":true,"m_FxEnabled":true},"in2DMode":false,"pivot":{"x":42.400001525878909,"y":10.899999618530274,"z":-1.7999999523162842},"rotation":{"x":0.04200301691889763,"y":-0.935024082660675,"z":0.11844055354595185,"w":0.3315875828266144},"size":1.7320507764816285,"orthographic":true}